{
    "202412091156_test_2_2_0_m3.log": {
        "mission_times": {
            "start_time": 1733741817.9791749,
            "end_time": 1733741852.482362,
            "completed_time": 34.50318717956543
        },
        "idle_times": {
            "robot_1": 28.50426197052002,
            "robot_2": 4.506342887878418
        }
    }
}